{
    "combatCapital":{
      
        # low tech tier 1
        "mobile_lt_station_1_Standard":0,
        "mobile_lt_station_1_Bulletstorm":0,
        "mobile_lt_station_1_Divebomber":0,
        "mobile_lt_station_1_Stormlance":0,
        
        # low tech tier 2
        "mobile_lt_station_2_Standard":0,
        "mobile_lt_station_2_Murderhobo":0,
        "mobile_lt_station_2_Ramtouch":0,
        "mobile_lt_station_2_Throneskull":0,
        "mobile_lt_station_2_Toreador":0,
        
        # low tech tier 3
        "mobile_lt_station_3_Standard":0,
        "mobile_lt_station_3_Hangarqueen":0,
        "mobile_lt_station_3_Moardakka":0,
      
         # low tech tier 4
        "mobile_lt_station_4_Gotterdammerung":0,
      
        # midline
        "mobile_ml_station_1_Standard":0,
        "mobile_ml_station_2_Standard":0,
        "mobile_ml_station_3_Standard":0,
        # high tech
        "mobile_ht_station_1_Standard":0,
        "mobile_ht_station_2_Standard":0,
        "mobile_ht_station_3_Standard":0,
    },
}
