id,type,text1,text2,text3,notes
mobile_lt_station_1_Standard,SHIP,"While typically found orbiting some world, or commanding a strategic point in a starsystem, this station seems to be moving. Someone must have equipped it with some sort of reactionless drive system.",,,
mobile_lt_station_1_Bulletstorm,SHIP,"While typically found orbiting some world, or commanding a strategic point in a starsystem, this station seems to be moving. Someone must have equipped it with some sort of reactionless drive system.",,,
mobile_lt_station_1_Divebomber,SHIP,"While typically found orbiting some world, or commanding a strategic point in a starsystem, this station seems to be moving. Someone must have equipped it with some sort of reactionless drive system.",,,
mobile_lt_station_1_Stormlance,SHIP,"While typically found orbiting some world, or commanding a strategic point in a starsystem, this station seems to be moving. Someone must have equipped it with some sort of reactionless drive system.",,,
mobile_lt_station_2_Standard,SHIP,"While typically found orbiting some world, or commanding a strategic point in a starsystem, this battlestation seems to be moving. Someone must have equipped it with some sort of reactionless drive system.",,,
mobile_lt_station_2_Murderhobo,SHIP,"While typically found orbiting some world, or commanding a strategic point in a starsystem, this battlestation seems to be moving. Someone must have equipped it with some sort of reactionless drive system.",,,
mobile_lt_station_2_Ramtouch,SHIP,"While typically found orbiting some world, or commanding a strategic point in a starsystem, this battlestation seems to be moving. Someone must have equipped it with some sort of reactionless drive system.",,,
mobile_lt_station_2_Throneskull,SHIP,"While typically found orbiting some world, or commanding a strategic point in a starsystem, this battlestation seems to be moving. Someone must have equipped it with some sort of reactionless drive system.",,,
mobile_lt_station_2_Toreador,SHIP,"While typically found orbiting some world, or commanding a strategic point in a starsystem, this battlestation seems to be moving. Someone must have equipped it with some sort of reactionless drive system.",,,
mobile_lt_station_3_Standard,SHIP,"While typically found orbiting some world, or commanding a strategic point in a starsystem, this star fortress seems to be moving. Someone must have equipped it with some sort of reactionless drive system.",,,
mobile_lt_station_3_Hangarqueen,SHIP,"While typically found orbiting some world, or commanding a strategic point in a starsystem, this star fortress seems to be moving. Someone must have equipped it with some sort of reactionless drive system.",,,
mobile_lt_station_3_Moardakka,SHIP,"While typically found orbiting some world, or commanding a strategic point in a starsystem, this star fortress seems to be moving. Someone must have equipped it with some sort of reactionless drive system.",,,
mobile_lt_station_4_Gotterdammerung,SHIP,"While typically found orbiting some world, or commanding a strategic point in a starsystem, this star fortress seems to be moving. Someone must have equipped it with some sort of reactionless drive system.",,,
