name,id,designation,tech/manufacturer,system id,fleet pts,hitpoints,armor rating,max flux,8/6/5/4%,flux dissipation,ordnance points,fighter bays,max speed,acceleration,deceleration,max turn rate,turn acceleration,mass,shield type,defense id,shield arc,shield upkeep,shield efficiency,phase cost,phase upkeep,min crew,max crew,cargo,fuel,fuel/ly,range,max burn,base value,cr %/day,CR to deploy,peak CR sec,CR loss/sec,supplies/rec,supplies/mo,hints,tags,rarity,breakProb,minPieces,maxPieces,number
Mobile Station,mobile_lt_station_1,Station,Low Tech,,100,40000,1600,1000,2500,100,100,,10,7,5,6,3,5000,NONE,,0,0,0,,,500,2500,5000,5000,35,25,5,1500000,10,10,1080,0.25,25,25,SHIP_WITH_MODULES,"rare_bp, mobile_star_fortress_lt_bpp_1, hf_stc_bp",,0,,,2002
Mobile Battlestation,mobile_lt_station_2,Battlestation,Low Tech,,125,80000,2000,1000,2500,100,100,,9,6,4,5,2,5000,NONE,,0,0,0,,,750,3000,7500,7500,40,35,5,2500000,10,10,1080,0.25,30,35,SHIP_WITH_MODULES,"rare_bp, mobile_star_fortress_lt_bpp_2, hf_stc_bp",,0,,,2003
Mobile Star Fortress,mobile_lt_station_3,Star Fortress,Low Tech,drone_station_lt,150,160000,2400,1000,2500,100,100,,9,5,3,5,2,5000,NONE,,0,0,0,,,1000,5000,7500,7500,40,35,5,3500000,10,10,1080,0.25,40,40,SHIP_WITH_MODULES,"rare_bp, mobile_star_fortress_lt_bpp_3, hf_stc_bp",,0,,,2004
Mobile Station,mobile_ml_station_1,Station,Midline,,100,40000,1600,1000,2500,100,100,,15,9,7,7,3,5000,NONE,,0,0,0,,,500,2000,5000,5000,35,25,6,2000000,10,10,1080,0.25,25,25,SHIP_WITH_MODULES,"rare_bp, mobile_star_fortress_ml_bpp_1",,0,,,2002.1
Mobile Battlestation,mobile_ml_station_2,Battlestation,Midline,,125,80000,2000,1000,2500,100,100,,12,7,5,7,3,5000,NONE,,0,0,0,,,750,2500,6000,6000,40,35,6,3000000,10,10,1080,0.25,30,30,SHIP_WITH_MODULES,"rare_bp, mobile_star_fortress_ml_bpp_2",,0,,,2003.5
Mobile Star Fortress,mobile_ml_station_3,Star Fortress,Midline,drone_station_mid,150,160000,2400,1000,2500,100,100,,11,5,4,6,3,5000,NONE,,0,0,0,,,750,3000,7500,7500,40,35,6,4500000,10,10,1080,0.25,40,40,SHIP_WITH_MODULES,"rare_bp, mobile_star_fortress_ml_bpp_3",,0,,,2004.5
Mobile Station,mobile_ht_station_1,Station,High Tech,,125,40000,1600,1000,2500,100,100,,13,7,6,9,4,5000,NONE,,0,0,0,,,750,2500,5000,5000,35,25,5,2500000,10,10,1080,0.25,25,25,SHIP_WITH_MODULES,"rare_bp, mobile_star_fortress_ht_bpp_1",,0,,,2002.2
Mobile Battlestation,mobile_ht_station_2,Battlestation,High Tech,,150,80000,2000,1000,2500,100,100,,10,6,6,8,4,5000,NONE,,0,0,0,,,900,3000,6000,6000,40,35,5,3500000,10,10,1080,0.25,30,30,SHIP_WITH_MODULES,"rare_bp, mobile_star_fortress_ht_bpp_2",,0,,,2003.5
Mobile Star Fortress,mobile_ht_station_3,Star Fortress,High Tech,drone_station_high,175,160000,2400,1000,2500,100,100,,9,6,5,7,4,5000,NONE,,0,0,0,,,1050,3500,6000,6000,40,35,5,5000000,10,10,1080,0.25,40,40,SHIP_WITH_MODULES,"rare_bp, mobile_star_fortress_ht_bpp_3",,0,,,2004.5
,,,,,,,,,,,,,,,,,,,,,,,,,,,,,,,,,,,,,,,,,,,,,,
,mobile_module_armour1,Station Armour,,,1,5000,1500,0,2500,100,0,,0,0,0,10,10,300,NONE,,0,0,0,,,0,0,0,0,1,0,,500000,,1,,,0,0,"UNBOARDABLE, HIDE_IN_CODEX",module_hull_bar_only,,1,2,3,2051
,mobile_module_armour2,Station Armour,,,1,5000,1500,0,2500,100,0,,0,0,0,10,10,300,NONE,,0,0,0,,,0,0,0,0,1,0,,500000,,1,,,0,0,"UNBOARDABLE, HIDE_IN_CODEX",module_hull_bar_only,,1,2,3,2052
,mobile_module_armour3,Station Structural Spur,,,1,5000,1500,0,2500,100,0,,0,0,0,10,10,300,NONE,,0,0,0,,,0,0,0,0,1,0,,500000,,1,,,0,0,"UNBOARDABLE, HIDE_IN_CODEX",module_hull_bar_only,,1,2,3,2057
,mobile_module_armour4,Station Structural Spur,,,1,5000,1500,0,2500,100,0,,0,0,0,10,10,300,NONE,,0,0,0,,,0,0,0,0,1,0,,500000,,1,,,0,0,"UNBOARDABLE, HIDE_IN_CODEX",module_hull_bar_only,,1,2,3,2058
,mobile_module_bastion1_lowtech,PD Bastion,,forgevats_station,1,7500,1250,7000,7500,300,250,,0,0,0,10,10,240,FRONT,,170,0.4,1,,,0,0,0,0,1,0,,500000,,1,,,0,0,"UNBOARDABLE, HIDE_IN_CODEX",,,1,2,2,2065
,mobile_module_blocker2b,Station Structural Spur,,,1,5000,1500,0,2500,100,0,,0,0,0,10,10,300,NONE,,0,0,0,,,0,0,0,0,1,0,,500000,,1,,,0,0,"UNBOARDABLE, HIDE_IN_CODEX",,,1,2,3,2055
,mobile_module_blocker2c,Station Structural Spur,,,1,5000,1500,0,2500,100,0,,0,0,0,10,10,300,NONE,,0,0,0,,,0,0,0,0,1,0,,500000,,1,,,0,0,"UNBOARDABLE, HIDE_IN_CODEX",,,1,2,3,2056
,mobile_module_citadel1_lowtech,Heavy Citadel,,forgevats_station,1,15000,2000,30000,43750,1750,250,,0,0,0,10,10,1000,FRONT,,300,0.4,1,,,0,0,0,0,1,0,,500000,,1,,,0,0,"UNBOARDABLE, HIDE_IN_CODEX",,,1,2,4,2066
,mobile_module_decor_midline1,Station Extension,,,1,5000,1500,0,2500,100,0,,0,0,0,10,10,300,NONE,,0,0,0,,,0,0,0,0,1,0,,500000,,1,,,0,0,"UNBOARDABLE, HIDE_IN_CODEX",,,1,2,3,2060
,mobile_module_decor_midline2,Station Extension,,,1,5000,1500,0,2500,100,0,,0,0,0,2,2,300,NONE,,0,0,0,,,0,0,0,0,1,0,,500000,,1,,,0,0,"UNBOARDABLE, HIDE_IN_CODEX",,,1,2,3,2061
,mobile_module_hightech_armour,Station Armour,,,1,20000,4000,0,2500,100,0,,0,0,0,3,6,1000,NONE,,0,0,0,,,0,0,0,0,1,0,,500000,,1,,,0,0,"UNBOARDABLE, HIDE_IN_CODEX",module_hull_bar_only,,1,2,3,2074
,mobile_module_hightech_attack,Station Battery,,,1,12000,1750,15000,25000,1000,250,,0,0,0,10,10,1000,NONE,,0,0.4,1,,,0,0,0,0,1,0,,500000,,1,,,0,0,"UNBOARDABLE, HIDE_IN_CODEX",,,0.5,2,4,2076
,mobile_module_hightech_citadel,Heavy Citadel,,fortressshield,1,12000,1750,22000,25000,1000,250,,0,0,0,3,6,1000,FRONT,,220,0.4,0.6,,,0,0,0,0,1,0,,500000,,1,,,0,0,"UNBOARDABLE, HIDE_IN_CODEX",,,0.5,2,4,2072
,mobile_module_hightech_hangar,Hangar Module,,recalldevice,1,7000,1250,7500,12500,500,750,18,0,0,0,10,10,3000,NONE,,0,0.4,1,,,0,0,0,0,1,0,,1000000,,1,,,0,0,"UNBOARDABLE, HIDE_IN_CODEX",,,0.5,2,4,2073
,mobile_module_hightech_shield,Shield Module,,fortressshield,1,7500,1000,15000,25000,1000,0,,0,0,0,3,6,200,FRONT,,120,1,0.6,,,0,0,0,0,1,0,,500000,,1,,,0,0,"UNBOARDABLE, HIDE_IN_CODEX",,,1,2,2,2071
,mobile_module_hightech_strut,Station Extension,,,1,5000,1500,0,2500,100,0,,0,0,0,3,10,500,NONE,,0,0,0,,,0,0,0,0,1,0,,500000,,1,,,0,0,"UNBOARDABLE, HIDE_IN_CODEX, UNDER_PARENT",,,1,2,3,2075
,mobile_module_large1_lowtech,Heavy Combat Module,,forgevats_station,1,20000,2000,30000,30000,1200,250,,0,0,0,10,10,3500,FRONT,,120,0.4,1,,,0,0,0,0,1,0,,500000,,1,,,0,0,"UNBOARDABLE, HIDE_IN_CODEX",,,0.5,2,4,2063
,mobile_module_large2_lowtech,Heavy Support Module,,forgevats_station,1,10000,1500,10000,12500,500,350,8,0,0,0,10,10,2500,FRONT,,130,0.4,1,,,0,0,0,0,1,0,,750000,,1,,,0,0,"UNBOARDABLE, HIDE_IN_CODEX",,,0.5,2,4,2064
,mobile_module_midline_bastion,Light Support Module,,forgevats_station,1,12000,1500,10000,10000,400,250,,0,0,0,10,10,240,FRONT,,240,0.4,1,,,0,0,0,0,1,0,,500000,,1,,,0,0,"UNBOARDABLE, HIDE_IN_CODEX",,,1,2,2,2070
,mobile_module_midline_broadside,Heavy Broadside Module,,forgevats_station,1,50000,1750,30000,31250,1250,250,,0,0,0,10,10,3500,FRONT,,90,0.4,1,,,0,0,0,0,1,0,,500000,,1,,,0,0,"UNBOARDABLE, HIDE_IN_CODEX",,,0.5,2,4,2067
,mobile_module_midline_citadel,Heavy Station Battery,,forgevats_station,1,20000,1750,25000,37500,1500,250,,0,0,0,10,10,3500,FRONT,,40,0.4,1,,,0,0,0,0,1,0,,500000,,1,,,0,0,"UNBOARDABLE, HIDE_IN_CODEX",,,0.5,2,4,2068
,mobile_module_midline_support,Heavy Support Module,,forgevats_station,1,15000,1500,10000,10000,400,400,13,0,0,0,10,10,2500,FRONT,,100,0.4,1,,,0,0,0,0,1,0,,750000,,1,,,0,0,"UNBOARDABLE, HIDE_IN_CODEX",,,0.5,2,4,2069
,,,,,,,,,,,,,,,,,,,,,,,,,,,,,,,,,,,,,,,,,,,,,,
Bulletstorm Station,mobile_lt_station_1_Bulletstorm,Station,Low Tech,,100,40000,1600,1000,2500,100,100,,10,7,5,6,3,5000,NONE,,0,0,0,,,500,2500,5000,5000,35,25,5,2000000,10,10,1080,0.25,25,25,SHIP_WITH_MODULES,"rare_bp, mobile_star_fortress_lt_bpp_1, hf_stc_bp",,0,,,2002.5
Divebomber,mobile_lt_station_1_Divebomber,Station,Low Tech,,100,40000,1600,1000,2500,100,100,,10,7,5,6,3,5000,NONE,,0,0,0,,,500,2500,5000,5000,35,25,5,2500000,10,10,1080,0.25,25,25,SHIP_WITH_MODULES,"rare_bp, mobile_star_fortress_lt_bpp_1, hf_stc_bp",,0,,,2002.5
Stormlance,mobile_lt_station_1_Stormlance,Station,Low Tech,,100,40000,1600,1000,2500,100,100,,10,7,5,6,3,5000,NONE,,0,0,0,,,500,2500,5000,5000,35,25,5,2250000,10,10,1080,0.25,25,25,SHIP_WITH_MODULES,"rare_bp, mobile_star_fortress_lt_bpp_1, hf_stc_bp",,0,,,2002.5
Murderhobo,mobile_lt_station_2_Murderhobo,Battlestation,Low Tech,,125,80000,2000,1000,2500,100,100,,9,6,4,5,2,5000,NONE,,0,0,0,,,750,3000,7500,7500,40,35,5,3500000,10,10,1080,0.25,30,30,SHIP_WITH_MODULES,"rare_bp, mobile_star_fortress_lt_bpp_2, hf_stc_bp",,0,,,2003.5
Ramtouch,mobile_lt_station_2_Ramtouch,Battlestation,Low Tech,,125,80000,2000,1000,2500,100,100,,9,6,4,5,2,5000,NONE,,0,0,0,,,750,3000,7500,7500,40,35,5,3000000,10,10,1080,0.25,30,30,SHIP_WITH_MODULES,"rare_bp, mobile_star_fortress_lt_bpp_2, hf_stc_bp",,0,,,2003.5
Throneskull,mobile_lt_station_2_Throneskull,Battlestation,Low Tech,,125,80000,2000,1000,2500,100,100,,9,6,4,5,2,5000,NONE,,0,0,0,,,750,3000,7500,7500,40,35,5,4000000,10,10,1080,0.25,30,30,SHIP_WITH_MODULES,"rare_bp, mobile_star_fortress_lt_bpp_2, hf_stc_bp",,0,,,2003.5
Toreador,mobile_lt_station_2_Toreador,Battlestation,Low Tech,,125,80000,2000,1000,2500,100,100,,9,6,4,5,2,5000,NONE,,0,0,0,,,750,3000,7500,7500,40,35,5,4000000,10,10,1080,0.25,30,30,SHIP_WITH_MODULES,"rare_bp, mobile_star_fortress_lt_bpp_2, hf_stc_bp",,0,,,2003.5
Moardakka,mobile_lt_station_3_Moardakka,Star Fortress,Low Tech,drone_station_lt,150,160000,2400,1000,2500,100,100,,9,5,3,5,2,5000,NONE,,0,0,0,,,1000,5000,7500,7500,40,35,5,4000000,10,10,1080,0.25,40,40,SHIP_WITH_MODULES,"rare_bp, mobile_star_fortress_lt_bpp_3, hf_stc_bp",,0,,,2004.5
Hangarqueen,mobile_lt_station_3_Hangarqueen,Star Fortress,Low Tech,drone_station_lt,150,160000,2400,1000,2500,100,100,,9,5,3,5,2,5000,NONE,,0,0,0,,,1000,5000,7500,7500,40,35,5,5000000,10,10,1080,0.25,40,40,SHIP_WITH_MODULES,"rare_bp, mobile_star_fortress_lt_bpp_3, hf_stc_bp",,0,,,2004.5
Gotterdammerung,mobile_lt_station_4_Gotterdammerung,Star Fortress,Low Tech,drone_station_lt,150,320000,2800,1000,2500,100,125,,9,5,3,5,2,6000,NONE,,0,0,0,,,1250,10000,10000,10000,40,45,5,5000000,15,15,1080,0.25,40,40,SHIP_WITH_MODULES,"rare_bp, mobile_star_fortress_lt_bpp_4, hf_stc_bp",,0,,,2005
