name,id,tags,rarity,base price,stack size,cargo space,icon,sound id,sound id drop,plugin,plugin params,desc,order
"Low Tech Mobile Stations, Tier 1",mobile_star_fortress_ltbp_1,package_bp,0.05,750000,1000,1,graphics/icons/cargo/blueprint_lowtech.png,ui_chip_pickup,ui_bp_package_drop,com.fs.starfarer.api.campaign.impl.items.MultiBlueprintItemPlugin,mobile_star_fortress_lt_bpp_1,Enables construction of Tier 1 Low Tech Mobile Stations,300
"Low Tech Mobile Stations, Tier 2",mobile_star_fortress_ltbp_2,package_bp,0.05,1000000,1000,1,graphics/icons/cargo/blueprint_lowtech.png,ui_chip_pickup,ui_bp_package_drop,com.fs.starfarer.api.campaign.impl.items.MultiBlueprintItemPlugin,mobile_star_fortress_lt_bpp_2,Enables construction of Tier 2 Low Tech Mobile Battlestations,301
"Low Tech Mobile Stations, Tier 3",mobile_star_fortress_ltbp_3,package_bp,0.05,1500000,1000,1,graphics/icons/cargo/blueprint_lowtech.png,ui_chip_pickup,ui_bp_package_drop,com.fs.starfarer.api.campaign.impl.items.MultiBlueprintItemPlugin,mobile_star_fortress_lt_bpp_3,Enables construction of Tier 3 Low Tech Mobile Starfortresses,302
"Midline Mobile Stations, Tier 1",mobile_star_fortress_mlbp_1,package_bp,0.05,750000,1000,1,graphics/icons/cargo/blueprint_midline.png,ui_chip_pickup,ui_bp_package_drop,com.fs.starfarer.api.campaign.impl.items.MultiBlueprintItemPlugin,mobile_star_fortress_ml_bpp_1,Enables construction of Tier 1 Midline Mobile Stations,303
"Midline Mobile Stations, Tier 2",mobile_star_fortress_mlbp_2,package_bp,0.05,1000000,1000,1,graphics/icons/cargo/blueprint_midline.png,ui_chip_pickup,ui_bp_package_drop,com.fs.starfarer.api.campaign.impl.items.MultiBlueprintItemPlugin,mobile_star_fortress_ml_bpp_2,Enables construction of Tier 2 Midline Mobile Battlestations,304
"Midline Mobile Stations, Tier 3",mobile_star_fortress_mlbp_3,package_bp,0.05,1500000,1000,1,graphics/icons/cargo/blueprint_midline.png,ui_chip_pickup,ui_bp_package_drop,com.fs.starfarer.api.campaign.impl.items.MultiBlueprintItemPlugin,mobile_star_fortress_ml_bpp_3,Enables construction of Tier 3 Midline Mobile Starfortresses,305
"High Tech Mobile Stations, Tier 1",mobile_star_fortress_htbp_1,package_bp,0.05,750000,1000,1,graphics/icons/cargo/blueprint_hightech.png,ui_chip_pickup,ui_bp_package_drop,com.fs.starfarer.api.campaign.impl.items.MultiBlueprintItemPlugin,mobile_star_fortress_ht_bpp_1,Enables construction of Tier 1 High Tech Mobile Stations,303
"High Tech Mobile Stations, Tier 2",mobile_star_fortress_htbp_2,package_bp,0.05,1000000,1000,1,graphics/icons/cargo/blueprint_hightech.png,ui_chip_pickup,ui_bp_package_drop,com.fs.starfarer.api.campaign.impl.items.MultiBlueprintItemPlugin,mobile_star_fortress_ht_bpp_2,Enables construction of Tier 2 High Tech Mobile Battlestations,304
"High Tech Mobile Stations, Tier 3",mobile_star_fortress_htbp_3,package_bp,0.05,1500000,1000,1,graphics/icons/cargo/blueprint_hightech.png,ui_chip_pickup,ui_bp_package_drop,com.fs.starfarer.api.campaign.impl.items.MultiBlueprintItemPlugin,mobile_star_fortress_ht_bpp_3,Enables construction of Tier 3 High Tech Mobile Starfortresses,305
